time_step,delta,a,cte,epsi
0,0.0001072261876348312,0.5990786639469847,0.07617154438366924,-0.223940858339785
1,0.00010842031465355872,0.5990660577390274,0.07614627990750478,-0.22409127798555778
2,0.00010924015369688292,0.5990548429013802,0.07617263299346178,-0.22391998026108048
3,0.00010803765140721225,0.5990679534399539,0.0761962279369186,-0.22380262991652322
4,0.00010881778697867503,0.5990568825517412,0.07620914613539753,-0.22362627027614526
5,0.00010841603932117066,0.5990620293175429,0.07620080867741308,-0.22367307111704382
6,0.00010736454517799797,0.5990741777509161,0.07621559639613906,-0.22363525375433663
7,0.00590535812908013,0.5308143072912245,0.07618534296011603,-0.22453647633594195
8,0.010912602600313005,0.47043399085910004,0.076431506320489,-0.22322029099920432
9,0.013336614552868034,0.43980893659850706,0.07661541643062719,-0.22132406721095305
10,0.014099777118665712,0.42226704716222047,0.07969933470752721,-0.21141807093228265
11,0.01418464088693028,0.4080557672395287,0.08575364314765466,-0.19755811793995842
12,0.013482063430677952,0.39562678399628765,0.0902825531079543,-0.17713642315055164
13,0.012250670885155005,0.38401178378764184,0.09314565662430141,-0.15321949522928727
14,0.01023706958438169,0.37519881287239826,0.09361228418845258,-0.12408508618607206
15,0.008201959673063017,0.3647309693045388,0.08907765010582125,-0.09605842843578087
16,0.00576684147863788,0.3566835510319783,0.07966145482777165,-0.06640894491359906
17,0.0033506293540758814,0.3486274736054515,0.0701254898156094,-0.03871539923015459
18,0.0007706084919009321,0.3415974226594943,0.06030858529851457,-0.01096311099731953
19,-0.0017317072585657258,0.3358497424814018,0.05086258800184851,0.014719985213737035
20,-0.0039550290400002415,0.3293618294261696,0.04188241717008623,0.0364837119397591
21,-0.005653226403797269,0.32413619692389256,0.03262238312743193,0.052476226642329114
22,-0.00704359683996313,0.31938711411219106,0.024010099823897235,0.06507658057241592
23,-0.007698543558893828,0.31513302256537357,0.01618780260650965,0.07051059225747966
24,-0.00794910916998698,0.31099682665571815,0.010152914058437545,0.07204070964740357
25,-0.007595001258550752,0.3076480052876766,0.005583780647725689,0.06817427776492332
26,-0.006746318698979611,0.30427005881550767,0.0031852172111825894,0.059864730379140085
27,-0.005503124850355809,0.3012698830330219,0.0017294891919164002,0.048262009853870774
28,-0.006613608045889581,0.2986269586653419,0.008821005845675245,0.057444630569939086
29,-0.006678723556275981,0.29608916265251817,0.016651288352704796,0.05725504734962219
30,-0.0071537734307568065,0.295192728722662,0.024125247431641128,0.06099928460079838
31,-0.007942892033198302,0.2945891825544204,0.031955607639702066,0.06751153933141096
32,-0.009071426471271446,0.29322559787632024,0.039110678552731315,0.07680774958560807
33,-0.007693199751302653,0.29149413405696545,0.03823619516663257,0.06452093476006106
34,-0.007029296769877218,0.29013898229487856,0.03710037606077776,0.058644854400862347
35,-0.005729038143667689,0.28888277063956724,0.03630137180454085,0.04736317914144571
36,-0.00401887617707485,0.2875063170855733,0.03438925763066436,0.03271944029701853
37,-0.001678501072049592,0.2860729208460694,0.03290751993233698,0.012809538900431542
38,0.0008263636960801042,0.28493162736127137,0.031890914898951905,-0.008339462719185056
39,0.0032521273788936747,0.2838320270135415,0.030900167287654767,-0.028685571154126895
40,0.005607954824484627,0.2827095575090722,0.029966042609885335,-0.048317390343432534
41,0.007257905366314909,0.2825007299482023,0.029499680019796415,-0.06210810171759787
42,0.0064170559831125155,0.28380889537232884,0.03779835762060202,-0.05564398132038462
43,0.004650825897200098,0.28412011719856883,0.04373453735320254,-0.04110416612624007
44,0.0023056817570100713,0.28140259685255575,0.04820410983978718,-0.021410562940334884
45,-0.001027983865601601,0.2801942123281017,0.0509874995943278,0.006301056343541595
46,-0.0043812648415105255,0.28219620074106067,0.053084596552821495,0.034414848784039644
47,-0.006007039892860421,0.28237037331745696,0.04670813424274911,0.04835730880491227
48,-0.006748657308770557,0.2818108787788285,0.040579823129178294,0.05476157726357517
49,-0.006510477753782804,0.2796791955050658,0.034562261527753435,0.05267791089870887
50,-0.005203126563609997,0.28005690911643977,0.029920599842512274,0.04208427090196341
51,-0.002820217145580227,0.27837856512125686,0.026013814858629303,0.02230015478646879
52,-0.00019639314245743393,0.2778923994274844,0.0230413869117001,0.0007212394943815046
53,0.0020961996583835885,0.2791465198606816,0.022644875046012203,-0.018258372341010173
54,0.0044084885405613035,0.27728636664640494,0.023419175930996516,-0.0372635840958416
55,0.0056713688570105055,0.2769145141203308,0.027988083091770477,-0.047826862465667905
56,0.00461820613784657,0.27872215076797424,0.03733697085692711,-0.039746574848340294
57,0.0029390269026148526,0.2772297564183162,0.0446168309811128,-0.026036290959770083
58,0.0010128308268146223,0.278227538897873,0.04998043783484718,-0.010405215201596561
59,-0.001943647606800461,0.2767954772648129,0.05382282999164545,0.013856380259430553
60,-0.004493840624653889,0.2783374465622313,0.05368891252521735,0.035117338403749226
61,-0.005286884851696882,0.2782725165880991,0.047962836075896575,0.041949000399619706
62,-0.004900840808952472,0.2769100308779127,0.042271399733749604,0.03883682347373116
63,-0.003522748171399679,0.2783689763001665,0.0372287017016788,0.02783924929722821
64,-0.0008661781814234596,0.2786893342494705,0.03311320319949118,0.006019580170594898
65,0.002354184616570537,0.2766919666448137,0.030382117620774807,-0.020444579792507418
66,0.005347879419088948,0.278463459853439,0.028964304008241015,-0.045279218645363974
67,0.007997115810907708,0.278406366858718,0.02844830392410813,-0.0671788516816861
68,0.010675858140006085,0.27659769709772286,0.028154754204308574,-0.08886088431532208
69,0.010205232215355277,0.2780968202097417,0.03689469793914668,-0.08578795113789438
70,0.008515248764326296,0.2782612938162077,0.04372052487968858,-0.07221741143595002
71,0.005790067503490603,0.2762280522911063,0.04733987387902516,-0.049623732417494605
72,0.002199538120596857,0.27512797496249114,0.0492766079211151,-0.020187705389880416
73,-0.0025045547449464023,0.2745365156010325,0.0500401251769631,0.01831577993608067
74,-0.004914524465561735,0.27449913872589343,0.04058311533503911,0.0384526770027265
75,-0.006171081287273515,0.2765686933244593,0.03117958146140154,0.049478094963729236
76,-0.0059249191420267305,0.27752805650968,0.02345519361620063,0.04792348455603132
77,-0.004402476970677105,0.277364946730012,0.01730065171619799,0.035585928193014954
78,-0.0020796074956443192,0.2758071915211155,0.013335423150408587,0.0164928139030721
79,0.0002986092813485333,0.2767253269363589,0.011745191318539128,-0.0029714398021569092
80,0.0030502408731430644,0.27560554038558827,0.011575203825202607,-0.02555925884643627
81,0.005592130564990576,0.27656593178014327,0.01287101383610434,-0.04663188764507186
82,0.005191984635885557,0.2758630096638396,0.02420352501206935,-0.04372846863697802
83,0.0037906449582990184,0.27518173186704586,0.03383438672125294,-0.03257411978403626
84,0.0018658324080100118,0.27710414529827115,0.04123394322789409,-0.017213635698813807
85,-0.0010099225854734379,0.2770759715091927,0.04677296230272532,0.00627689811866873
86,-0.004418770093104728,0.2755161780051954,0.050816605774230084,0.03408304805790918
87,-0.0055090564545678756,0.2768032480964656,0.044563103247867275,0.04350732878743087
88,-0.0057535858861323935,0.2771960858173306,0.03884690414236047,0.04584566888459923
89,-0.005253314539494537,0.2752420302161987,0.03403630695515858,0.04168101077586617
90,-0.003500321539721376,0.27489323384067954,0.029925856968475273,0.027461345425787057
91,-0.0007600642603735122,0.27596458475266095,0.026707292192554632,0.00517694733473948
92,0.0020762540982380076,0.27507667366534444,0.02479919498966865,-0.018003046358679865
93,0.004909366370665037,0.274809758060538,0.023827012379854295,-0.04114730070932183
94,0.00747318696579596,0.276338809039314,0.023185065914333336,-0.06240222623807873
95,0.006948115864589418,0.27711258779691583,0.031617319876147576,-0.05857827737910388
96,0.005431737606921286,0.27696632165785645,0.04031294908378413,-0.04645492337508213
97,0.0034917661021440197,0.2765221070152177,0.04676378935835146,-0.030754532873504548
98,0.0005388571849946676,0.2746672624833376,0.050935361838867266,-0.006637571955188389
99,-0.0028805328849899076,0.27439600933456487,0.054331905044136874,0.021192386111047342
100,-0.003901439512832542,0.27614678175786717,0.04819994943744632,0.02995839655366521
101,-0.004620995225171844,0.27597173329793967,0.0412073399540418,0.03615812222359868
102,-0.0048397990584868825,0.2744660235243411,0.03490379940967614,0.03806041557410033
103,-0.003459744161718542,0.27431152383884483,0.02922828096751573,0.026999743303617464
104,-0.001334293091914684,0.2759432642541532,0.024492503836768265,0.009885169166884268
105,0.000928974629951152,0.27642148827908564,0.02161451826987104,-0.008590758269706397
106,0.0032387186895819504,0.27522458783786824,0.01987553188638458,-0.02742803084951477
107,0.005777611375856794,0.2763187607534659,0.018797024464959122,-0.04837481643461326
108,0.004607493603660011,0.27505431381335854,0.026602989251102827,-0.038912799813995536
109,0.0029690054032395128,0.27661857853649535,0.035215867928684474,-0.02597387828444848
110,0.0010604184041421313,0.2771758036066465,0.042015554947226974,-0.010581037850570872
111,-0.0013666830831369182,0.2767133070443235,0.04687770451681672,0.009209706144575275
112,-0.0045888158725162055,0.2748584129034388,0.05116129882077303,0.03539360446460283
113,-0.004707605924788959,0.27400745198795184,0.04674035267862564,0.03641825206217569
114,-0.004669080436579627,0.27393797841639017,0.041692738871404345,0.03631355616114697
115,-0.004243865248624541,0.27527847339463063,0.03734499294887428,0.03319896907622739
116,-0.0030739260459594383,0.2745480730224502,0.033871074962462444,0.023723103247111764
117,-0.0010150760088963558,0.27571355468114617,0.030852091369752088,0.0070567989475329215
118,0.0012567270583813644,0.274714772666793,0.02889181474608904,-0.011469108845588152
119,0.0035118849190950486,0.27622009836663103,0.02725987317370482,-0.029977690945454844
120,0.005812310878686829,0.27689901840644726,0.026290417295399493,-0.048957270588699045
121,0.008125482774513377,0.27742956338139163,0.02711909722108885,-0.06820625567654978
122,0.007494318283971301,0.27727391306273685,0.035276201410056274,-0.0633557863779113
123,0.005776290047558866,0.27727346435006495,0.042025100836042384,-0.0495279711032423
124,0.003253245476891924,0.27507785331028356,0.04591718928764976,-0.02876962468281988
125,-4.2415435068672325e-05,0.2743571559001283,0.047885390114288384,-0.001874112475115389
126,-0.0038521001365499786,0.27567077595305517,0.04768388298737136,0.029465812164554347
127,-0.00537251304597167,0.274824293313963,0.03890519037190643,0.04221797690894432
128,-0.00586068810771848,0.2760702300448212,0.030581564132546646,0.046764622893515365
129,-0.005016786123646745,0.274726551044799,0.023461208301682746,0.039956580402661306
130,-0.003349296589879397,0.2760567644473124,0.018138758095801677,0.026647450429272412
131,-0.0013404244780941814,0.27450029113292995,0.014408908656037056,0.010258296224225293
132,0.0009166886752454709,0.27423286344754966,0.012668771809160262,-0.008122113372025338
133,0.0031250384725991123,0.2753018652870215,0.012113903448437213,-0.02623060522625526
134,0.00512319632563647,0.27423384765169007,0.013252476381524048,-0.04255021564030948
135,0.004756193559001779,0.2737407158825203,0.02356768874778936,-0.03995277827725426
136,0.003166091174009471,0.2733839934355181,0.03143116646026556,-0.027292669240465955
137,0.0010355976512060594,0.2734809971474713,0.037408694835676215,-0.01018553820647213
138,-0.0015546562557693293,0.2746988925999043,0.04127609448920566,0.010836610977386241
139,-0.004614199805650451,0.27371367584715317,0.043837032015744626,0.03570725239433784
140,-0.00571811589941531,0.2733593199966872,0.03674628429973836,0.045008542575395175
141,-0.005458520291565086,0.2753467743841542,0.03048286028615621,0.043442514333576085
142,-0.004355350342960063,0.27619598570764764,0.025187381698060562,0.03472169003505302
143,-0.0024384524690973072,0.2769357905872163,0.02115992723429372,0.01918634029698553
144,-0.00015261268612452172,0.27718366796116845,0.018175677738327067,0.0004889252069397287
145,0.0023849929015717555,0.27750296625135984,0.016032660195378412,-0.020368017581417437
146,0.004582217121871968,0.2768849548874528,0.01532301845463735,-0.038408795471984065
147,0.006750783344791927,0.27530277945346693,0.015141863364476649,-0.05602359801777835
148,0.0058915294233579515,0.27629882662335575,0.024719852106500184,-0.049550387844647006
149,0.004328612146053091,0.2746639751232149,0.0321233169800621,-0.036871830401772894
150,0.0020641711088008967,0.2743032467596701,0.0377530517967557,-0.01860057564851692
151,-0.0003733550707036771,0.27570689126987763,0.041146837753672116,0.0011734743698679465
152,-0.003344346301513603,0.2741456920372936,0.04350189400616955,0.0253439702406504
153,-0.0041236493959971995,0.27402239160135794,0.0359950461491394,0.03201280865064357
154,-0.004231362856857973,0.27547584942031866,0.029613735352427284,0.033324086903809176
155,-0.003405776236533992,0.2761626216998926,0.023294616403461532,0.02688084624225787
156,-0.0018569746829709835,0.27468191414867593,0.018144043067366056,0.014291411792027123
157,-3.344454454402526e-05,0.2755380734506008,0.013940443263777524,-0.00044705080641998217
158,0.002166395630686692,0.2744850325143362,0.01097034224892468,-0.018330467901505974
159,0.0041627123559562435,0.2758503164591634,0.009043747409236857,-0.034739592108538435
160,0.006319519405320807,0.27598927509210003,0.008100574743821198,-0.05248535846361069
161,0.006669620656332005,0.2745501231082523,0.013173888926587551,-0.055383477183372366
162,0.00503045744244591,0.2737446076901848,0.020371866157404384,-0.042221702289591975
163,0.0028445011743302583,0.27377414410097456,0.02492749272465744,-0.024616201141004598
164,0.0006183648927336109,0.2759935086313544,0.027956254282344162,-0.006662084209532008
165,-0.0028057876568062176,0.27581455049976616,0.029894753664734708,0.02139045861391853
166,-0.005244709042992272,0.2742425105501799,0.02573114591103831,0.041400731234947044
167,-0.00587260050471175,0.2737418178668704,0.018289640356329073,0.04676611270280594
168,-0.005338481595132424,0.27516779856840473,0.011343847411183106,0.04287545978475125
169,-0.004215447688670587,0.2764822509806353,0.004869399329152202,0.03410030313720791
170,-0.001981942179674362,0.2763609306824091,-0.00016927669048527605,0.015916847614580124
171,0.000583663821691209,0.2746991275476331,-0.003613936338183521,-0.005038340607884001
172,0.003919653221553214,0.2771821597896423,-0.005809953260808243,-0.03256392266451572
173,0.006860482343546236,0.2752551196991555,-0.006429325849751422,-0.05652670453797491
174,0.008922966999399201,0.2759890865323708,-0.0032884777404547094,-0.07382566847442153
175,0.008207657657353026,0.2744242540638099,0.004142908316794092,-0.06800590504094452
176,0.006624519629472367,0.2739559145148453,0.010595125522286253,-0.05533983494410877
177,0.0031439186284345213,0.2735839756395608,0.015259667069472016,-0.02714115876688037
178,-0.0010759673701098995,0.27331940377295044,0.017830811442138383,0.007135607450806468
179,-0.004653498318067481,0.27340750639919215,0.014009543931024382,0.03645502848478696
180,-0.005673389302271393,0.27552572983382073,0.003936104626347969,0.04543073956874186
181,-0.005043515631597354,0.27578153497764674,-0.00793689662111774,0.04068866428085444
182,-0.0025874317524196477,0.2751504009051499,-0.019102087482878005,0.020824360168703565
183,0.00017721187814610887,0.2762903554943014,-0.02827687682793112,-0.00153986087904147
184,0.002808935965184067,0.27654985004670946,-0.03397293873018725,-0.023053721843330106
185,0.005195090731451737,0.27625144541446356,-0.03789753194197942,-0.04259366233143918
186,0.006916235861726895,0.27482544977293594,-0.04049618429007751,-0.05649293829069158
187,0.0073995768286996815,0.2762223422072004,-0.04189707314154134,-0.06074731529746719
188,0.004762686170655844,0.27662732093767906,-0.03759956588726254,-0.03934913032174602
189,0.0011246378963598986,0.27656079915788184,-0.03673055183980978,-0.009474321582778385
190,-0.0026170232868665704,0.27502627567941695,-0.03983976611792173,0.021302324356986545
191,-0.007078347532321718,0.27648316373141174,-0.04434435258355052,0.058260588036730655
192,-0.01069511887058114,0.27676807663410274,-0.05063925838760497,0.08824374536537595
193,-0.011646040085690545,0.2752303115057729,-0.06287818317477445,0.09603327205076087
194,-0.010901199128392358,0.27593756731221386,-0.07191332609551182,0.09045970310205771
195,-0.010012288821287739,0.27450237342222916,-0.07605535697786081,0.08298211567669023
196,-0.0053449372742714754,0.27393736349859044,-0.08164619244325877,0.04499025782153457
197,-0.005695889405307709,0.2736984706884318,-0.06798790032974011,0.0472571323276647
198,-0.005604655243706195,0.2736111106940298,-0.05505435894440325,0.04594098510990161
199,-0.006556673005928046,0.27538949791243,-0.04322791508477053,0.05350370532093938
200,-0.008012755801707006,0.27624410656339066,-0.03349333309506619,0.06520896503364586
201,-0.012566246042421897,0.27675829550693126,-0.022255369700417305,0.10237777275866383
202,-0.01266404059081883,0.2766283985915022,-0.029376216227660734,0.10343002381613052
203,-0.01235132390938202,0.2751637019654822,-0.03612157922663073,0.10069930497561647
204,-0.011903540980561605,0.2756367090101013,-0.04192491852177227,0.09749167582446772
205,-0.0099983554520177,0.27437779715676347,-0.046839197964800405,0.08182062264051966
206,-0.007616137622150494,0.27419454154294476,-0.049460441601041794,0.06250711399167706
207,-0.0043743008066172715,0.27615049611432846,-0.050967711135314175,0.0363197739696227
208,-0.001116133698826433,0.27569569815347006,-0.051705561458277316,0.009521794019115916
209,0.00209045117545009,0.27445724015965767,-0.05178524698624187,-0.016832252125491363
210,0.00584772831968456,0.27604265331852507,-0.051664194975558075,-0.04795683852756251
211,0.0046949720378053296,0.2761794977875482,-0.04086435405014299,-0.03899780168915389
212,0.001866110720877282,0.2747231806924774,-0.03259569693096864,-0.016031591374226155
213,-0.002093610781391973,0.27590023216275217,-0.02829723261993422,0.016253351919665277
214,-0.006594006553850169,0.2767809890959582,-0.026550239270193288,0.053277480708416564
215,-0.013205192910583113,0.2770918706642847,-0.02650584873185835,0.10777752515348775
216,-0.015493415221664593,0.27749409800976016,-0.040201726059962084,0.12723818296676123
217,-0.016866368819693476,0.2780264146612509,-0.05222686588828651,0.1391980098765279
218,-0.017100910979727806,0.2754974940770781,-0.06037610969016782,0.14036734462690306
219,-0.015735327405619625,0.2754324093824024,-0.06587784524921858,0.12948068155941453
220,-0.012983468376940836,0.2760651108869763,-0.0682980358143368,0.1074184392366423
221,-0.009329420580985962,0.27511892483911404,-0.06673126053254919,0.07726766303503509
222,-0.005297023024652042,0.27604983716674575,-0.06384634665340627,0.04433437279306132
223,0.0015370796448997694,0.2761781542015513,-0.06549165373786536,-0.0118453695513193
224,0.002709422219788238,0.27491426328050994,-0.050140206525782105,-0.022077595454518033
225,0.0023390726684811044,0.2740578873478266,-0.0369949333685895,-0.019554050552570153
226,0.00037142834429634744,0.2739083148068227,-0.02660260372721268,-0.0039199298748851035
227,-0.0024483553356149817,0.2760680758939164,-0.019986625041497064,0.018931674798706385
228,-0.009136796515499387,0.2766091296930713,-0.01223572880448387,0.07375960531338129
229,-0.011201162261995167,0.2762659640353458,-0.022963522420610616,0.09104004616816276
230,-0.012457939117968799,0.27512409894422096,-0.03455790492805022,0.10142662376777428
231,-0.01315524583479245,0.2759906233719633,-0.04537001813159236,0.10786203760268033
232,-0.012838279067388417,0.27468275662698544,-0.05333828356350523,0.10518878615001895
233,-0.011467370191656487,0.2761126849184488,-0.057707101516456305,0.09464674877647543
234,-0.009359396999553012,0.2755703898724286,-0.060019665630420604,0.07740048988165303
235,-0.0065510910635371,0.27690693751388357,-0.059955685632758104,0.05464748454987128
236,-0.002640979866009659,0.27697743026741883,-0.05868545534946179,0.022369850092299574
237,-0.00214119087067548,0.2749269625310346,-0.04517367859398291,0.01757195743292362
238,-0.002059990388710082,0.27634071628176554,-0.03228131865228079,0.0164146008175609
239,-0.0028306575556940423,0.2771386908414174,-0.021093786428366457,0.02230676063247042
240,-0.005265197913368425,0.2773996212301541,-0.01164417070589252,0.04202564463478798
241,-0.008738044667323207,0.27738387728756925,-0.005025575251778491,0.07042088425044138
242,-0.009626742660147613,0.2774381346195924,-0.012547415866151823,0.07805212047204343
243,-0.010470422983305305,0.2755949023956892,-0.020404723115746037,0.08482767998333857
244,-0.010784887204203389,0.2765227691584603,-0.028127481273713784,0.08798563102083898
245,-0.0102134108253562,0.27545171260607426,-0.03556928258501557,0.08335990356318318
246,-0.00894681076235589,0.2767791373394794,-0.040830394000693104,0.07356684245760906
247,-0.0063774271597149094,0.27721324849141665,-0.04438588773342644,0.052653735600578656
248,-0.0035274772171620034,0.27670922437280293,-0.04668179401198813,0.029192731171194593
249,-0.0011635696774512324,0.27553971585025144,-0.04796380522685695,0.009746875139059814
250,0.0027427852756887134,0.2759901065033385,-0.04763276879339173,-0.022496083669142897
251,0.002636914029029554,0.2751464483046198,-0.036981303249291386,-0.022109963762540086
252,0.0008518347236428317,0.27588261825148536,-0.027628440035755375,-0.007933768939864413
253,-0.0023760000005366376,0.27436684759496655,-0.021270680547957,0.0182076417963301
254,-0.005806737869792963,0.27437380878717826,-0.018252666286059593,0.04608927065585178
255,-0.011192427596975535,0.2760681188894587,-0.018083803359161266,0.09059944627433524
256,-0.01319885892707336,0.27646643805393134,-0.030108786748314742,0.10766557123018726
257,-0.014363404271727059,0.2766580153940956,-0.04247804708657554,0.11778342629858708
258,-0.014344160918925,0.27519587452496524,-0.05230639982409002,0.11749860186545559
259,-0.013675027041780448,0.27661136864483776,-0.05835988812322057,0.11281851944545716
260,-0.011851260562903016,0.2768387178667109,-0.061990906065545914,0.09813582934357212
261,-0.009538169813413596,0.27489674804981123,-0.06239789896861225,0.07874522599687742
262,-0.005903475794116416,0.27420612961461416,-0.060934937419915514,0.04886396384423761
263,0.0010763931889024708,0.27407781404951853,-0.06549499300831485,-0.008078896972987994
264,0.002088560196889589,0.2758020035730505,-0.052025348930925475,-0.017048388774184027
265,0.001961346626460096,0.2760560731735724,-0.039497730782841245,-0.01658728301695551
266,0.0004625264612650183,0.27491680071742763,-0.03036836363673956,-0.004673604777098055
267,-0.0030564137185801203,0.2763001817267863,-0.024703761201465113,0.02405080286584286
268,-0.010950120805642404,0.27612355125797905,-0.014926962884970862,0.08858005969947473
269,-0.01247311670690844,0.2748231344934405,-0.02689343550574108,0.10107919494050484
270,-0.013988232290651536,0.2762499402477032,-0.03939676719753038,0.11445029827776981
271,-0.014059337436552246,0.27718744415001695,-0.05089582655429581,0.11581069845831075
272,-0.013186147023081109,0.2771686962885516,-0.058485325892860374,0.1089410240760558
273,-0.011217153790872033,0.2753361294528304,-0.06402906701987376,0.09251309899882587
274,-0.008860058066998763,0.2742445749713025,-0.06599632840755021,0.07312490913873622
275,-0.006384221030403599,0.27402694548046685,-0.06533769940543266,0.052897526474777086
276,-0.0029132303382205307,0.27623803139324676,-0.06375379522557978,0.02463998880749703
277,0.0010088388914496012,0.2761773218103439,-0.05826162548413549,-0.007947145108561867
278,0.0006463935126499263,0.275040765633766,-0.045047035452796536,-0.005530299627579702
279,-0.0012267099842209622,0.27570305834491227,-0.03415876677868823,0.009399551942079228
280,-0.0031589793321727616,0.2743371904152715,-0.027430754522470124,0.02482879387193907
281,-0.007090281658039931,0.27394400325396717,-0.022798649252422365,0.05672408982192317
282,-0.012220046336532613,0.27533527223261595,-0.024232613612610976,0.09912178335591339
283,-0.01286702409467349,0.27476808147373566,-0.03643002921722882,0.1046721643718348
284,-0.01283672699194769,0.27581012358255896,-0.04782048753190793,0.1052104357900975
285,-0.011943088170517273,0.2746307361801893,-0.0565708464955037,0.0978994036962167
286,-0.010178869239398106,0.2743743087856696,-0.06217874202269513,0.08368650684736972
287,-0.008029280384498669,0.2763048497769565,-0.06571795856180529,0.0667446742508792
288,-0.006505508760486159,0.2768908016281483,-0.06543849163921323,0.05439609019849011
289,-0.004106353821897209,0.27688935961999,-0.06437091676548334,0.034618400265640614
290,0.0017319560481389798,0.27850018385561714,-0.06852603176170646,-0.01350972807093125
291,0.0013433857878095052,0.2757648494649081,-0.055544690544309105,-0.010751001460655487
292,0.00038756607709996606,0.27494293658990104,-0.044809359507780755,-0.003410462100510655
293,-0.0017530051098976224,0.27572650387762265,-0.03751408488977859,0.013808844343646747
294,-0.005261519878443369,0.2745968787483371,-0.03296587383067617,0.042254876142030356
295,-0.013188223167877516,0.2739459318130362,-0.02428972460074874,0.10654142462016841
296,-0.014742112738487185,0.27413872249805304,-0.03666939985441786,0.11971284086058809
297,-0.015141903267158531,0.2762398652876966,-0.04966512331020567,0.12427353310718064
298,-0.014547035314882212,0.27640793605420494,-0.0594116121322088,0.11987162144218239
299,-0.012789382253600138,0.27508465546029853,-0.06534609200110708,0.10532035229541924
300,-0.010571246488895262,0.27623408715891973,-0.06920953763858506,0.08776797407776486
301,-0.007621630780862591,0.27712736721010184,-0.06896614738911921,0.06379902382606545
302,-0.0052998645827664675,0.27672163589788373,-0.06525220653085739,0.04453414764840401
303,-0.0016850812703938702,0.27722835886023184,-0.06248795048975353,0.014651219036748498
304,-0.0013228599274088503,0.27782417788588804,-0.04858146840496147,0.011100865555672013
305,-0.0014102786750194243,0.2774856865448706,-0.03590071976520903,0.011232908350252093
306,-0.003531529157445961,0.27777712810755056,-0.025501378899434712,0.028356270725460722
307,-0.005892858592047525,0.27797908866271354,-0.01768129814863073,0.04753876024880864
308,-0.009624987606826257,0.2783194002924352,-0.011601185025313043,0.07823501602715491
309,-0.011034029067108797,0.27734426006701657,-0.019301732809879013,0.08991593753566636
310,-0.011503384704083549,0.2761266266542788,-0.028394036592601424,0.09379646978535591
311,-0.011106061126778267,0.27770083391871797,-0.03620612073453344,0.09132793143811958
312,-0.010077450457365501,0.27717579434611417,-0.042516836804111335,0.08302261935377817
313,-0.007862874399979179,0.27546283509902575,-0.047184121284374214,0.06467545296054787
314,-0.00529874756474436,0.275003998300091,-0.04946138559813562,0.04371023331332491
315,-0.003084235165493574,0.27648065483556705,-0.049585309818496626,0.025707652947759705
316,-0.000603915858589366,0.27727247355291096,-0.049299907933402665,0.005263367186072182
317,0.004341981077837839,0.2756713826376733,-0.05000215808837538,-0.03554219898835726
318,0.003396108430438298,0.2769213786382819,-0.03887332110289776,-0.02839025229734692
319,0.001645625931100316,0.2768762379340925,-0.030534508054842036,-0.014369273867178928
320,-0.0015912486489958663,0.2754542384369409,-0.02530560719887376,0.01199610624101864
321,-0.005380439334753796,0.2771430515326048,-0.023192747251130186,0.0431935797311446
322,-0.012214525699133371,0.27797562679415033,-0.02166827917488945,0.09975317431981257
323,-0.01405907835380963,0.27813724400465345,-0.034821225962247127,0.11550515554862574
324,-0.015450027224724732,0.27791434305535606,-0.04711769881092209,0.12736611367065628
325,-0.014486416758389733,0.27572128839758014,-0.05709776218520801,0.11900124421009639
326,-0.013372988497131939,0.2766383942535511,-0.06310673445011616,0.11049924299039507
327,-0.011353680411044662,0.2753464416246258,-0.06700052958873925,0.0938088843179454
328,-0.008937147433119429,0.27498032359392993,-0.06657184719216502,0.07402470383559606
329,-0.005700928016154631,0.2766838719440925,-0.0643068479913893,0.04773871574366456
330,-0.0017379214736596969,0.2774203507220906,-0.061003813628360604,0.014993191853095174
331,-0.00012649865229772328,0.2775046345559198,-0.04737197929381409,0.0010383657718224923
332,-0.00010473547458619134,0.27580345837450143,-0.03503653728975564,0.00027961758471184406
333,-0.00163181581301818,0.2764624838254381,-0.02491389875422101,0.012398623527446136
334,-0.0040451592198054815,0.27540770907461815,-0.017974133056355868,0.03183270856353265
335,-0.008684029404790726,0.2765580730959016,-0.014067714855229951,0.07000597021200648
336,-0.010765647680796006,0.2749686057029612,-0.02305656403723333,0.08706375933720702
337,-0.011879251962790363,0.27515950343135326,-0.033473952736187584,0.09666023033530902
338,-0.011626526998612715,0.2760257866202902,-0.04405209965722179,0.09529465407111726
339,-0.010717753303878782,0.2752379149524398,-0.05233364752774605,0.08799732954241239
340,-0.009580171802574908,0.2771071460830915,-0.057408458942177276,0.07941452163197962
341,-0.007966402775011086,0.27701879773375215,-0.060307654446944525,0.06629234917215557
342,-0.0057471159569272325,0.2758653194408966,-0.06073766171599004,0.04789102804477858
343,-0.0030486869797914417,0.27648509876788563,-0.05997713344072508,0.02573516184575115
344,-0.0005907605514912021,0.27530018451916044,-0.05340097588523918,0.005115021000089868
345,-0.0004435046791914391,0.27651583411015224,-0.04135195352154142,0.0033445761713959523
346,-0.0014576739091682646,0.2749382526209963,-0.03161235722080846,0.011170422086692625
347,-0.003798616957032927,0.2741734645690484,-0.02430243609543936,0.029941787584822587
348,-0.007076407684020853,0.27406538753836857,-0.01969067152404591,0.05649182632963241
349,-0.011270763224793283,0.27573683923292985,-0.02181781222805057,0.09135149710200607
350,-0.012236068288599754,0.27681095819539375,-0.03274162627022292,0.10003325439167296
351,-0.01237873694793355,0.27601450176109055,-0.04343226852387261,0.10139874808216155
352,-0.011727367748725221,0.27694943277523737,-0.05224552622030387,0.09672476977174933
353,-0.010445617602509713,0.27595675519514146,-0.057740648587895294,0.0862002176168113
354,-0.008555712730736782,0.2770747255994953,-0.06105929614750494,0.07114928905529927
355,-0.006621681756152765,0.2770625784659337,-0.061502410276716546,0.055294864625481235
356,-0.0045685835737233485,0.27561032988812095,-0.0600225112303292,0.038173804451610505
357,0.0010316786385940059,0.2765346351662358,-0.06132615304505862,-0.007899219178925868
358,0.001233745467211876,0.2781902362989688,-0.04848668235996456,-0.010214671903544316
359,0.0007165708003981987,0.27845051682839567,-0.037990004896386154,-0.00645263362673549
360,-0.0012395908811216958,0.27763557869584793,-0.030442240128991216,0.009359692499435827
361,-0.004226464736975892,0.2758358643696096,-0.026088142590822372,0.033618732929937806
362,-0.011352374796829016,0.2762423373069572,-0.020849490315839603,0.09209926620557492
363,-0.013424972786836444,0.2750502374193302,-0.032692085683720506,0.1091548896473324
364,-0.014488764673545306,0.27487885424620295,-0.04569564355182365,0.1182921653838199
365,-0.014350115663469042,0.27621817013493916,-0.056319153598849425,0.1180829273453528
366,-0.013462189384163695,0.27569938355229473,-0.0633707283674596,0.11096701294287059
367,-0.011257010259807902,0.2763691310390274,-0.067489075501868,0.09335080176607824
368,-0.00902252315662948,0.27604390802537593,-0.06812718861340272,0.07506220300962702
369,-0.006399160647401763,0.27715636247481573,-0.06553305597878989,0.05366330007063704
370,-0.001555309021264339,0.2774171811357012,-0.06495726434224025,0.013692311187789963
371,-0.0007889534929359149,0.2760811799463448,-0.050356433877198015,0.006695056789756472
372,-0.0006549328190340432,0.2771568766861554,-0.03753937216217196,0.005026373182156673
373,-0.001854982326661716,0.27721891147393934,-0.02714884525829575,0.014454043241197872
374,-0.0037994788609110124,0.27559728073985057,-0.019286398568112872,0.029958101501637618
375,-0.008860161607066805,0.2772213132474594,-0.011714455554738379,0.07158406097719525
376,-0.010235159569042003,0.277656953600006,-0.020988489151392287,0.0833988535393238
377,-0.011223995907658288,0.2776008448480342,-0.03122904288954942,0.09196498857859736
378,-0.011158224781204247,0.27579576510787573,-0.04120623103483467,0.09133174251984881
379,-0.010337086551069822,0.2749223801764299,-0.04944705644882674,0.08474716490277255
380,-0.008921547149630041,0.27646010414301375,-0.05487329561933052,0.07379515114246618
381,-0.006671233140177111,0.27547961076749605,-0.05791070195633097,0.055279989297611014
382,-0.00491607579949506,0.27729223501856687,-0.05793195927174111,0.04114982994608815
383,-0.001869216456673773,0.27805657112631965,-0.057480143380701065,0.015965939571686613
384,0.0012377370000943653,0.27875730024561135,-0.05371012454827451,-0.010029725562749049
385,0.0010586584188761459,0.2784255328763871,-0.04170835806286277,-0.009113089304448976
386,-0.0005123053587058966,0.2760237432924555,-0.03227670735947186,0.0034234508177567805
387,-0.002782294868853486,0.27502054056595343,-0.026864481748503977,0.02173100712004021
388,-0.007048458785303709,0.27483030209936266,-0.023030716743676294,0.056520057696149824
389,-0.012017384516360098,0.27460074234706616,-0.025015948324181636,0.09723352003909645
390,-0.01329053081524996,0.27688160426833563,-0.03656423424649802,0.10883478382386118
391,-0.014028248533454519,0.27727239977442186,-0.04766000520487523,0.11549348578503847
392,-0.01354510561895184,0.27554093206473157,-0.05616159804282006,0.11129544960929533
393,-0.011795097314480613,0.2755847796142269,-0.06221752697285865,0.09728679428580746
394,-0.009923160048794913,0.27736311303623434,-0.06433619958937697,0.08257442789823961
395,-0.007325855890291304,0.2782984771600149,-0.06488024403341797,0.061435785978423106
396,-0.004801633707413198,0.2785728988824523,-0.0626697076563687,0.04054129674506597
397,0.001551052047405231,0.2783171637275207,-0.06577262777273063,-0.01207939763803581
398,0.002044017902398228,0.27622133611840755,-0.0520289535197378,-0.016690271485372218
399,0.0019701122623838933,0.27789756270688176,-0.04049276479807418,-0.016739594431653897
400,4.0001840152198624e-05,0.27860938451233397,-0.032238687526188414,-0.0011630226979505189
401,-0.002492844698727754,0.2785846938079992,-0.027911481889020706,0.019590349281478223
402,-0.010555485743995391,0.27617627318129595,-0.019522232665877937,0.08545539578148967
403,-0.013125437956455486,0.27555670996353576,-0.03073263088248268,0.10677431802333258
404,-0.014940125142049485,0.27756316850751067,-0.04310228027162566,0.1228792209313651
405,-0.015085522206316359,0.2784517544938846,-0.05376783559000842,0.12483119723235848
406,-0.013946469178473128,0.2781728887731021,-0.06173592590175758,0.11567560147795972
407,-0.011891225722417055,0.27645641082171346,-0.0668365923492047,0.09849553805799142
408,-0.009335358063615974,0.27844650592722564,-0.06835865836498556,0.07814300757892277
409,-0.00573403771536645,0.2790724342508812,-0.06737150749466991,0.04843781269425406
410,-0.0022730188109510515,0.2784504666850927,-0.0650745632974008,0.019608992186537295
411,0.0002687196145778932,0.2764021636144358,-0.05568395976371221,-0.0018887645522188516
412,0.0005779864588891912,0.2774405135184373,-0.04205613435075861,-0.0050889605043336035
413,2.942208017541297e-05,0.2763320832043215,-0.03115616162222068,-0.0010844166538176252
414,-0.0023506685033424213,0.2774659221658361,-0.02314658470115205,0.018219616068597948
415,-0.0058645170299619145,0.27634449116408427,-0.0174320190948265,0.04680814850731491
416,-0.010222294865503868,0.2773505040958041,-0.020521407945636838,0.08309412250382218
417,-0.011857633540639909,0.2762577627606678,-0.031649990066483724,0.09667480000119313
418,-0.012811229876129182,0.2780137628628755,-0.04285535796765316,0.10554145647206052
419,-0.012396334441914868,0.27704175212451937,-0.052301759449591145,0.10219830112640776
420,-0.010579817895563158,0.2768686947440889,-0.05977000938923993,0.08752170855591257
421,-0.007490254090981842,0.275761904876596,-0.06491323941736482,0.062114122795011814
422,-0.0051101626052225185,0.2781719318694665,-0.06640978864197677,0.04299070476674252
423,-0.0029874435534027275,0.2746000530565775,-0.0660740332534715,0.025162929279884547
424,-7.058117400306783e-05,0.27580522648696176,-0.061727349547481936,0.0010294880882963488
425,-0.0009796627341777733,0.2745039180922198,-0.05000307582076857,0.007962727449221996
426,-0.002633731858387233,0.27538716956523945,-0.040535530625845695,0.02112548079256081
427,-0.00490668828532624,0.27526215989566993,-0.03391410056809718,0.03943685395282794
428,-0.007638378464383442,0.2763345187441295,-0.029993713261717403,0.06182455470682652
429,-0.011956146983788803,0.2787186661374258,-0.030628718078133943,0.0980675858055478
430,-0.01305310058953408,0.2766558551411226,-0.04103304120116036,0.1068172279512749
431,-0.013363745582978925,0.2779714163556414,-0.05115014609137347,0.11020804454707639
432,-0.012822362857736292,0.27656459702128616,-0.06001914949786169,0.10565568000479492
433,-0.01123118046453741,0.2772514504315774,-0.0665464482160587,0.09308563618564947
434,-0.008515024943122942,0.2760004103313019,-0.07198053042034758,0.07072787521410477
435,-0.005551536045415913,0.27727374571471064,-0.07452729923141987,0.04672959730383353
436,-0.0025816813005911784,0.27653271832617116,-0.0749675041620037,0.022208942310256847
437,0.004055755680975136,0.2774040104375663,-0.0807634164987121,-0.03246710348199923
438,0.004357197555217246,0.278251770790378,-0.06877358330945071,-0.035622072796984545
439,0.002409208952640679,0.27612773426760556,-0.058611417107101715,-0.019781383021311005
440,-0.0003718031494458623,0.2753593010471296,-0.052068689002538804,0.002764326913975226
441,-0.005547570913165323,0.2748270259659803,-0.04678594342340148,0.044941024508077666
442,-0.014719273595448838,0.2749264529066557,-0.03839406000361123,0.11963993252179296
443,-0.01926105540541063,0.27728073267667097,-0.048751642206070755,0.1577538094123955
444,-0.020226195361217995,0.27806367291260453,-0.06078763607652604,0.16643786292206178
445,-0.02160608876376517,0.2787932402608026,-0.06899406354341409,0.17850767424432717
446,-0.019213271307964658,0.27687322735349984,-0.07616345225096666,0.1582161812638043
447,-0.015546829027014882,0.27580249825845954,-0.07961104253092799,0.12807082446857848
448,-0.025568431684030064,0.27709160349381595,-0.06742608683941853,0.21008972711694515
449,-0.021533918316158012,0.2758482690084666,-0.060872651808693945,0.17619652848048037
450,-0.0155133101892849,0.2749559058773614,-0.053750642385352876,0.12660373703730463
451,-0.010377312638162661,0.2744454172955165,-0.03494098829270342,0.08387984444327248
452,-0.006772545474601639,0.2742514349811772,-0.012376081823163076,0.053488860804455064
453,0.012648818469558546,0.2764460099384886,-0.0037193738783116714,-0.1061335689601532
454,-0.06958340390984886,0.2622520809543918,-0.3974985581757835,0.5439537096142087
455,0.030083341557385686,0.2793033813188373,0.07016054508682146,-0.25210334081266156
456,0.03162593749243351,0.2801775273552011,0.07960617428551586,-0.26539698082564556
457,0.03271134981239603,0.28169385022604204,0.08131931405171144,-0.2754468615867088
458,0.03186885582267876,0.279775303398916,0.07732053597550248,-0.26697044583665624
459,0.01421489980378911,0.28163121864560203,0.02064896658964699,-0.12141702196619783
460,0.010192839451001521,0.2827342552528271,0.004740960345259282,-0.08766901705013888
461,0.004452911487484823,0.2830208085023871,-0.020875800502722086,-0.03875948106737363
462,-0.0009081635084187216,0.28283574562371794,-0.047070709757520035,0.007135435386471819
463,-0.005481727409915807,0.2819271941720757,-0.07074769542327886,0.046143204874636176
464,-0.00547058225871753,0.28237008275760467,-0.09820228773341455,0.04702328772631212
465,-0.010621716681525981,0.28205884356863337,-0.10037987348960087,0.08993697190392062
466,-0.014624241641644175,0.27987273491796305,-0.10023946383626026,0.12228583936765658
467,-0.01756248506569713,0.2809860632151372,-0.1005284587287747,0.14695134224566156
468,-0.019973597687057722,0.28084920510153843,-0.0998057942585433,0.16674930384631603
469,-0.026654430990734872,0.2778767918162413,-0.0882839204765844,0.21935827772476582
470,-0.02441797662657546,0.2795205737123836,-0.09786357020905712,0.20249227518427423
471,-0.022672041388496524,0.2780882976926147,-0.10375995687940076,0.18770221823435268
472,-0.020394795026395057,0.28078322984873444,-0.10452909186534498,0.17073464081222722
473,-0.03225779627178389,0.28075028659285106,-0.09073813260542352,0.2673917011175845
474,-0.02740865807542077,0.2819747763512258,-0.08777847010009054,0.2286549042392081
475,-0.023199619017249297,0.2811326334034449,-0.07934063989983997,0.19343384477613504
476,-0.017594918110523602,0.2785246330651928,-0.06936804604944768,0.14582925469255487
477,0.08531626566588135,0.24079993574783592,0.3743127021930377,-0.6522256660991954
478,-0.028334024817643032,0.28093103832199956,-0.07013097467702778,0.23542164884385727
479,-0.01189301745460721,0.28206546360585166,-0.0653194578318903,0.10015262475428008
480,-0.011820406203710197,0.281551760783251,-0.05111276942278664,0.09878735378309343
481,-0.01217811946047112,0.28305631482605376,-0.04023986385476519,0.10172475530028818
482,0.0010720056737157082,0.2822720292288638,0.013842152937058927,-0.012014644613564409
483,0.002314610489909246,0.2829942962007257,-0.008895698679509678,-0.021338921789658096
484,0.002732869081673589,0.2834645900985811,-0.012405659497204624,-0.024702727723835752
485,0.0029561360894030998,0.2832809122463968,-0.017572536648884807,-0.02632872947866164
486,-0.08984321843974699,0.23070243264799017,-0.44246654627437465,0.6814741754454015
487,0.01610828799060386,0.284500631434982,0.013205690604877418,-0.13854629751562866
488,0.019098847151317076,0.2850311330789652,0.010908569046705452,-0.16377228010334688
489,0.02161309981522042,0.2876661040023877,0.010517111763761022,-0.1863236056432942
490,0.024202256836211116,0.2868119644203789,0.009604232937022061,-0.20764600179045592
491,0.013253969377893502,0.28439606993853994,-0.03937368785869921,-0.11255102285598617
492,0.010433821108847718,0.283283133201515,-0.031457018851682506,-0.08877657179658938
493,0.00429627473127988,0.28454840839128076,-0.0338474494490697,-0.03735298607202569
494,-0.00320846749737816,0.28513130499569145,-0.04095388921604126,0.026230218599373037
495,-0.010636646383402755,0.2821565127714822,-0.049914584984321664,0.08838088072103827
496,-0.017408432078766366,0.28428358121072067,-0.05752891664849358,0.1459824182074298
497,-0.020610698796976662,0.28489962507507877,-0.07525557547802464,0.17361461371360815
498,-0.023001703192431486,0.28448830947144105,-0.09004197562043714,0.19378495745447746
499,-0.023748106350089396,0.2850468571016616,-0.09939040636336927,0.20069331463777806
500,-0.022842322484715603,0.28504291264400156,-0.10394249001413414,0.1933990273784755
501,-0.0206071395696312,0.28381812392091926,-0.10533081018277812,0.17434262633671455
502,-0.016218102376281452,0.2809911793613214,-0.10277362559514813,0.13668955514957623
503,-0.011819527869107612,0.2826916679898483,-0.09750958920767516,0.10076225649188539
504,-0.005715428881500846,0.2832006767477354,-0.09220827060477177,0.04969445856535106
505,-0.0014092776821349985,0.2830064214800164,-0.07917298566496811,0.01303159395740141
506,-0.00011393983727588513,0.28370133175340884,-0.06059572205833774,0.0013897766504933618
507,-0.001367494194884428,0.28221412136626517,-0.04381418216959787,0.011286313596054259
508,-0.0026790997207429565,0.28162395267660995,-0.030508642817636655,0.02166802053705566
509,-0.006703160016689075,0.2789454776420057,-0.020423395879220152,0.05447971526212879
510,-0.010393851839561999,0.2803766009713106,-0.02014734934914486,0.08548570789892909
511,-0.011773744577306976,0.2786155545943627,-0.028506250263859556,0.09677869934642423
512,-0.01224690472666031,0.28084580908229173,-0.03722603051929241,0.10176572358732908
513,-0.0118802983446291,0.28063600387975624,-0.04550708519366253,0.09902120048878225
514,-0.010332820379746716,0.278004545632445,-0.051342069013401215,0.08572707635620526
515,-0.007613766319140643,0.27749729964114306,-0.055544269962524595,0.06339769407687806
516,-0.004333847065977009,0.2761752428768456,-0.05763915009811171,0.036287870186230475
517,-0.0006815057303538449,0.2793142248648482,-0.05854710241553107,0.006314300099973566
518,0.0024802084132664647,0.27914347715941873,-0.057780163969880505,-0.02002021755300047
519,0.0017271350646036318,0.27746057896511017,-0.04432672405857829,-0.014262570922908387
520,-0.00010076159742540818,0.2764354725908131,-0.032369135761172174,0.000305822241257661
521,-0.003570585445595353,0.27859390445646726,-0.02224270412966689,0.028665280204285822
522,-0.008025505063791908,0.2796766651206304,-0.014553528773348035,0.0654939202468488
523,-0.012979022752301247,0.28056896270861664,-0.009413852262269984,0.10674763353626611
524,-0.014005221351396816,0.27975948756879787,-0.0204118333475094,0.11538619699948821
525,-0.015558786350341924,0.2775617565947374,-0.028760587574225838,0.12774687141880875
526,-0.015905938719568823,0.2763897492896427,-0.03589272523043974,0.1304644488147565
527,-0.014840060658986232,0.27603651221207315,-0.04115857975244808,0.12191086882665243
528,-0.011190573290414793,0.2764129888891231,-0.044578978197620245,0.09230009251225692
529,-0.007907027381511928,0.2775509148435595,-0.04381128268539669,0.06558815928487474
530,-0.0039482822712503165,0.2763457791014318,-0.04270041338205033,0.03277789999474507
531,0.00025608384786593663,0.27911006904899577,-0.040594179101447025,-0.0019571918448408098
532,0.0066505609410326735,0.27963772320943736,-0.04297342675369009,-0.05519156698602967
533,0.005618022786345471,0.2790579378199737,-0.029336727522661477,-0.04704250451063417
534,0.002920137562503315,0.2767026637603821,-0.018237360278533288,-0.024900703695965032
535,-0.0007362432881671225,0.27650900057088784,-0.010888947364833257,0.004930059374072551
536,-0.0060315124131705405,0.2778902454724354,-0.006446636630556668,0.04861416940905802
537,-0.014228383515164268,0.27872315598521413,-0.00031508608464037025,0.11647959935254547
538,-0.016526849526668164,0.2790334379887334,-0.012403582320246187,0.13606117328638823
539,-0.017683555078439196,0.27895969723003244,-0.023288386313168985,0.145997689655269
540,-0.019114489343182203,0.2774085781767681,-0.03071303912724943,0.15744674718011029
541,-0.016455455358772877,0.2783777129655189,-0.03608776664134439,0.13627780249288962
542,-0.013755119558540103,0.27992758078048574,-0.036527595579627814,0.11474046213724243
543,-0.03231448854875384,0.2782824044550577,-0.017186102991786356,0.2660056635892019
544,-0.029474481656198433,0.2795022127457374,-0.011187305225888622,0.24370983813895863
545,-0.02593291994075878,0.28061048553404555,-0.0011371478260002732,0.21521509284474766
546,-0.0237422288926777,0.279834254054408,0.013468519578452742,0.19648500046584588
547,-0.01794082515576702,0.28056905983769825,0.028919288257782227,0.14835302859199948
548,0.007885571068501265,0.28244374315829973,0.03207745695107178,-0.06728829205039231
549,0.013467686587443305,0.2826560836368462,0.05220780673261061,-0.11456572498408964
550,0.01922698514977203,0.28166414504905696,0.06736840194105298,-0.16241293972071966
551,0.02270904665047407,0.27984253591809133,0.07749322534596104,-0.19035108883742907
552,0.021883793042500356,0.280126109263643,0.08300266658329747,-0.1838193039856722
553,0.022472336002378832,0.27816410329840596,0.07983940396917433,-0.18763282261819153
554,0.021314149346182705,0.28034780270443044,0.07022895188697476,-0.17935097644986372
555,0.01953675884352139,0.2786147387767514,0.05701616896561745,-0.16379893277594537
556,0.01739747822828192,0.27932534983375834,0.04076204652051274,-0.14637643475343323
557,0.013202694473385368,0.27922035683292695,0.02389198736744902,-0.11141235190843313
558,0.008619473368806162,0.27759344424010557,0.00685335244406815,-0.0727056117285933
559,0.0025892064862007556,0.27811715100921786,-0.008681204657989383,-0.02247508296077117
560,-0.003081334706688088,0.2773408029592122,-0.024261229300265086,0.024912917848560312
561,-0.009046771063803489,0.2785850611813932,-0.037995957135819936,0.07487882244654019
562,-0.012787576511999724,0.27912102270883415,-0.05072526513356479,0.10632571321236367
563,-0.015752412380901363,0.2772946658473846,-0.06118862594149732,0.13039153650564084
564,-0.018289740430048915,0.2797046547438016,-0.0687318177142231,0.15261155235229096
565,-0.020382630173685672,0.2798917160837875,-0.07182480571927385,0.1701913206692893
566,-0.02216770413287849,0.27935055360606925,-0.03361044019283099,0.18390111362357614
567,-0.020101838162257205,0.27698848624638234,-0.0016733349388573515,0.16518934448876488
568,-0.01672757099604636,0.2784013094971203,0.032262245619051555,0.13750924917916776
569,-0.010518460695154101,0.277590444072087,0.06748244795539904,0.08499885292866069
570,-0.002573884923474329,0.2777417525935326,0.10304347841747585,0.018207908188289216
571,0.00825274391345519,0.2777033164397004,0.09958173107202128,-0.07087430755394514
572,0.016198196709982415,0.27970180367715936,0.10492934668917542,-0.13685881147817913
573,0.022148007754968585,0.2797964084185387,0.11034043351656919,-0.18571053468852008
574,0.026368393413473284,0.2801261544486626,0.11255464257476433,-0.22036472935785734
575,0.029292130710137514,0.27770151658143066,0.11147794549719947,-0.24240107063654634
576,0.029226695577530964,0.2794328474386165,0.10782337095434968,-0.24318950969347666
577,0.02453083562996445,0.2778093884060104,0.11330047351617623,-0.20438017613769985
578,0.0176439126858989,0.27913448732650853,0.11353064328176288,-0.149290082945896
579,0.0110217611198407,0.2772003853012634,0.10616266895539184,-0.0943690859857403
580,0.003325760264732163,0.2796446806854096,0.0979308690907601,-0.031187626832182215
581,-0.0038276989480512612,0.2789361355448995,0.08822044530916173,0.02854224731532518
582,-0.006715087020272281,0.2771641050308056,0.06768448110369718,0.05301110535984545
583,-0.00780561855064481,0.27796079046263844,0.052010433185159854,0.06277983852613313
584,-0.008670566657843739,0.27885547445349296,0.0443478414857168,0.07046132899626334
585,-0.007554593560171398,0.276977729416501,0.03891260472454405,0.06107222686789211
586,-0.00521506214227178,0.2782628304897222,0.03772336464004411,0.04202401182039558
587,-0.0024756855754190423,0.27638022026942904,0.03840757764731961,0.01922425230346992
588,0.001178030756726496,0.2760713523036646,0.03965483824117655,-0.010868277716604756
589,0.005195211702444419,0.2778100244582632,0.0420077709854354,-0.044195036234196336
590,0.00541838773470971,0.27723456872507063,0.0552793338716242,-0.04646074384727958
591,0.005096817682630192,0.2778957312273385,0.06677443019816565,-0.04434645985050902
592,0.004068764671181046,0.27621669114362357,0.07613866150535387,-0.03606155217473506
593,0.002295892193461191,0.27642311075616816,0.08269451941851003,-0.02176218619277836
594,-0.0002136940088420671,0.2784425724027168,0.087450051079486,-0.0012570224948280757
595,0.00010917529773376342,0.27793501247849184,0.08068579839516588,-0.0036512001658213023
596,0.00046533742088637975,0.27599360032027387,0.07462893825254469,-0.006312040162250118
597,0.001306065194517949,0.27761144215496525,0.06876316118137993,-0.013005259105203153
598,0.0025435873745681165,0.2758560851661213,0.06404033398416686,-0.022898067521861968
599,0.004553014553738592,0.2750112138885131,0.05943965306403243,-0.03909885838399068
600,0.006590419579715915,0.2758354871793157,0.05583224860737346,-0.05575534303177318
601,0.008344171410755774,0.27706686874804504,0.052345020022812605,-0.07025584289579691
602,0.009538164669504124,0.27546882496294933,0.04948162922113397,-0.07960100305771287
603,0.00987247407465553,0.2755512357002429,0.04664143673340959,-0.08227658207950611
604,0.009130181045890981,0.27764707590233834,0.04337575815378614,-0.07658699767058451
605,0.007899079343873126,0.2777342493497713,0.039258626622768134,-0.06633356547451597
606,0.006121685900773416,0.275797938037721,0.03454115426552562,-0.05121684365993415
607,0.004092085590568859,0.2748770370784905,0.029375832774235278,-0.0342791381189919
608,0.0020405133093762684,0.2745533194838206,0.024264717395965363,-0.01727427952392147
609,0.0001271370682401728,0.27708382325668984,0.01981845536340643,-0.0014479225192067402
610,-0.0013952561692766989,0.2778638489628227,0.01615075352515305,0.011286958655512346
611,-0.002352447215319831,0.2781748980478385,0.013580313798229326,0.019330782305209362
612,-0.002868453570195126,0.2760334175115929,0.012074889109214837,0.023520308369888547
613,-0.002880174481175604,0.27508769016997564,0.011628803624660122,0.023599054972042146
614,-0.002485193952556097,0.2746005220813668,0.012308139610524904,0.02033735458934712
615,-0.001963555010107319,0.277711463897369,0.014012127068383506,0.01620077464289862
616,-0.0011533150137930115,0.2775249695816441,0.01613263494914463,0.009455740214722777
617,-7.523043932114176e-05,0.27782447058551796,0.018217895511497773,0.0005076841927929223
618,0.0010946491918799783,0.27580046336302194,0.020603171910863693,-0.009176628358836465
619,0.0020398445237312336,0.2790920727127898,0.023329921906167783,-0.017195897573491076
620,0.003265476249088851,0.27904494250131273,0.025303734957219604,-0.02743824032225851
621,0.004333598189067929,0.2763252289668386,0.027061208404631998,-0.0360682721370139
622,0.005024789833791062,0.27519894985088716,0.028346964474565084,-0.04166317570496552
623,0.005274202992809965,0.27494789090463506,0.02907040077042211,-0.043701475293820964
624,0.005524707904691568,0.2752008871415674,0.02870383425147338,-0.045785060087826984
625,0.005194778041671206,0.277665694637077,0.028084448568279186,-0.0433883436276157
626,0.0044651793069034025,0.2775624302931145,0.027082297385959464,-0.03731228714517232
627,0.0035477686087306806,0.2758960454541213,0.026106461534880054,-0.029549237126550467
628,0.0028040701197749604,0.2746695728375707,0.024863986397463123,-0.023314629549793287
629,0.0017630528568439835,0.2774045718488742,0.023869657037835168,-0.014868524170299787
630,0.0006839382039113984,0.27521298784439463,0.02329430755236217,-0.005874966940035742
631,-7.750263495729527e-05,0.27715090539106224,0.022990002986489344,0.0004045083889598482
632,-0.00029683876122252046,0.275459412709471,0.022907668744778675,0.0022146042599917332
633,-0.00019228696831089916,0.2743968846394916,0.023192166424280458,0.0013504985683493436
634,0.00045206760330919335,0.27484008209009597,0.023915103047670527,-0.003960196479632538
635,0.0014688213169026171,0.2762885120449752,0.024945794891038986,-0.012395121130253532
636,0.002426338829371746,0.27773145961691786,0.02643576459297492,-0.020423597041256902
637,0.0033216570605887324,0.2759904746028366,0.027980216689741155,-0.027734488396816026
638,0.003713927886279598,0.27702390442026376,0.02967042239777129,-0.03110654752779407
639,0.004086180914514529,0.2777554842764375,0.03081323938170044,-0.03429057792716826
640,0.004310957718054688,0.2763435467759961,0.03127280686226186,-0.036009216370782006
641,0.004308461841594701,0.277103496303611,0.03145627487810998,-0.03608043859309032
642,0.004107215360089908,0.2759855867553013,0.03136755320957718,-0.03430521720463186
643,0.0037280451827458464,0.277785223965537,0.0309911554837754,-0.03134323021350701
644,0.003295238519222752,0.27805736985727697,0.030414488797703143,-0.0277671772931341
645,0.0027956990895463456,0.27585346677552525,0.02988417192796078,-0.023456442393697947
646,0.002587620871218252,0.27692963879171045,0.028980225160864848,-0.021792491493773453
647,0.002469289145981078,0.27520031681517426,0.028255290828894886,-0.020691034537764864
648,0.002500689481235097,0.2768118160939951,0.027616220253889878,-0.02104130486467877
649,0.0023097787910113243,0.27506027662546945,0.027334749272540648,-0.019350332579009526
650,0.002207665525190804,0.2755070347417081,0.02728278642280202,-0.018528706857416852
651,0.002059764021715148,0.27659326097810394,0.027245217788788523,-0.017354059348697427
652,0.002118966221705038,0.2752061513325454,0.027271313135486253,-0.017756203531462712
653,0.002143536511738793,0.2750409776963111,0.02749807774500823,-0.01794672851093127
654,0.002200535684131751,0.2768566598824957,0.027951251731735738,-0.018527956621992418
655,0.0022364919400500076,0.2753238272905384,0.028435271306591403,-0.01875119130540385
656,0.002268276345808501,0.27675248557882537,0.029178994601466002,-0.019114913712278594
657,0.0021808012029410602,0.27527236285127316,0.030068086981486886,-0.018338200407042222
658,0.0023034615151804883,0.2743957077535966,0.030783677986107705,-0.019321566466430733
659,0.002575172054845514,0.27530904443908605,0.03133047365645325,-0.021630289927409674
660,0.0028947989230688363,0.2765787554289215,0.03193654108889632,-0.024379662130245
661,0.00316730020162502,0.27526647023248685,0.03246305340917388,-0.026551101869131222
662,0.003356648311432401,0.27650050331141285,0.03283583777994181,-0.028232223673597696
663,0.0034411223215119434,0.2757008102452692,0.0331524454587111,-0.028874454697078566
664,0.0035153396551209385,0.2783559134973441,0.03331801553315472,-0.029733532274622384
665,0.0035232137792876837,0.27895174805898665,0.033329688792548495,-0.029862287947053215
666,0.003280188675268006,0.2783688772193881,0.033291851119031435,-0.027800049607896647
667,0.00317393222090128,0.2795132614598856,0.03295987909984888,-0.027011757904763085
668,0.0034552329103892253,0.2789968744559448,0.03266110955183876,-0.02931652139235396
669,0.001956094983670952,0.2797892679529664,0.04123888524031827,-0.017292895004187757
670,0.0009012459914136224,0.2765212041895712,0.04899164070070583,-0.008797710587909405
671,-5.008864822638185e-05,0.27846097897215083,0.055978451317002964,-0.0012716702748803651
672,-0.001073827888152224,0.27807595463474954,0.06240044226126429,0.006933350289756654
673,-0.0022460424720621374,0.27675933751149945,0.06838365564351534,0.016327156990291337
674,-0.0014122058263330284,0.27744148697025034,0.06528845040230635,0.0096266179549533
675,-0.0005398788318515625,0.2761568113993602,0.06295496113261834,0.0025362380734275333
676,0.0009822971958934634,0.27765688826385404,0.060734711836801125,-0.009886878259728624
677,0.002799944721637543,0.27638832156930976,0.05900778858648437,-0.024710370382531453
678,0.005039530947630805,0.2773013505178382,0.057182907308174435,-0.04314400102435393
679,0.007093759272930728,0.27588908453777067,0.055670381580682715,-0.05974151498395028
680,0.008625571897465337,0.27713066788529306,0.054003829875910014,-0.07249649407471653
681,0.00974438227658485,0.27769779422054414,0.052820756079086095,-0.08181093702128069
682,0.008819734356580209,0.27656923046389964,0.05932567954607748,-0.07424866771538137
683,0.007030779509849816,0.2783768591149974,0.0651245002453038,-0.060163800603767
684,0.004704038906316514,0.27838843523783596,0.06932319943217635,-0.04115313221310731
685,0.0022507249965160836,0.2761136880231629,0.07249468025378292,-0.020909673685457972
686,-0.000377974001868924,0.277278992452859,0.07459840417760688,0.0006155345620843927
687,-0.0011121320262422738,0.2779944620940963,0.06848219955770674,0.006942824412091976
688,-0.001602182807135273,0.27640343275516943,0.06286585447276138,0.011182865479142861
689,-0.0012216560092989496,0.2773579299156547,0.05786939927423873,0.008309155770419326
690,3.479363717584385e-06,0.2778843041625853,0.0531116003145371,-0.0015793687553267773
691,0.0019450752205098579,0.2783463396682543,0.04943441146156147,-0.017492993105168834
692,0.003795364762855487,0.2766401794511929,0.047216260705340574,-0.03253031859630468
693,0.005421654068548961,0.2772924458464551,0.04597089496769513,-0.045936014214669856
694,0.006592204194319474,0.2793986530207897,0.04564840979907103,-0.05591629177903711
695,0.005726497185980633,0.27953369035456305,0.05144969713273895,-0.04899255667400453
696,0.004336757939229854,0.2799125685989217,0.058733958833670386,-0.037803347096947
697,0.0029871287566953842,0.28013468853108814,0.06466057831062244,-0.026874288429161338
698,0.0015952359594907217,0.2790896123528486,0.06969898847512468,-0.01549375990500538
699,0.00014783987600910963,0.27605581677631946,0.07425314326604848,-0.003694215433075644
700,0.00013433882919152335,0.2756846635227239,0.0728757127847075,-0.003550248360039457
701,0.00013347826252593727,0.2771008426228533,0.06952712752888601,-0.003395985383199204
702,0.00034446961517357394,0.2753454549368196,0.06603225316860062,-0.00494374830168597
703,0.0010261463540761886,0.2779775126941631,0.06242301261806915,-0.010403781823942417
704,0.002581613398641928,0.27817222045313456,0.05823685396939027,-0.023085085527886785
705,0.004208708119542987,0.2783954275722591,0.05500536404747436,-0.03641308064037608
706,0.005688283485425559,0.2788889157233079,0.052359930729267035,-0.04859857155675458
707,0.006924976839649133,0.2780048780984158,0.05063175698859368,-0.058617683337243216
708,0.006944002664458285,0.27585589893764634,0.05189521166374789,-0.05846056089834209
709,0.005482833508535611,0.2751634554634535,0.059625170181789144,-0.0467223782564812
710,0.0038858118086164822,0.27444829087348754,0.06580292024187884,-0.033872845441774796
711,0.0021455778045217145,0.27461830437526585,0.07116716224311403,-0.0199259778165063
712,0.0002306959542160161,0.2748661346285255,0.0749233599963759,-0.004430361156599404
713,-0.0007576117341614231,0.27590238579312043,0.07534294804838737,0.0036511139995373016
714,-0.0009222690277800088,0.27644244165146753,0.06983108583921194,0.005260160956654553
715,-0.0005324187815595145,0.2749201205770004,0.06489625398398857,0.0022530008633613124
716,0.00037525701332332,0.2780167697925597,0.06023286852246201,-0.004975670442742429
717,0.0020620107760027117,0.2772532427656615,0.05637501798787525,-0.018716656110809287
718,0.004048235121755854,0.27555137762539533,0.05360098094644172,-0.034798824179590945
719,0.005843802102918288,0.27464357718598736,0.05157675458042377,-0.049297572179578
720,0.007192928607524177,0.2763217740396525,0.05016061101241576,-0.06056078308717219
721,0.00805921351167982,0.275937388975227,0.04959068048071913,-0.0675848746438677
722,0.006524717601963271,0.2766217098029684,0.057056945568206174,-0.05543005476818231
723,0.004709748619312676,0.27484290136172745,0.06291952578698101,-0.04057539101611289
724,0.00268011523131959,0.2769881581376547,0.06763473912781137,-0.02433727959055893
725,0.0005553193695061305,0.27752676797259906,0.07110160075018257,-0.006995215536894829
726,-0.001577346952442797,0.27505087113383486,0.07352096031610245,0.010409969856684903
727,-0.001987854208848301,0.2766288326761821,0.06806117896024944,0.01409786749347352
728,-0.0018398433530820073,0.2753800831238345,0.06319096127327839,0.013043880284024922
729,-0.001244355795765999,0.27607476017494564,0.05922478234577966,0.008381473706890503
730,0.00023266168436713566,0.27492361279025274,0.055717276467703414,-0.0035914863968136866
731,0.0021278336840764487,0.2763532594470894,0.052975872940123736,-0.019050663821596325
732,0.004243882289156852,0.2756652958148265,0.051314198305306036,-0.0363012863984323
733,0.005767010038111828,0.276538908720046,0.05082603993008661,-0.0488859136739374
734,0.007038278259822284,0.2773557450925377,0.050404283022544405,-0.059463990030724174
735,0.006147478546965352,0.2769863444224755,0.059388252852158985,-0.05245157187481131
736,0.004842857199812867,0.27614702093061955,0.0672235935334129,-0.04196944589618506
737,0.002999377426156217,0.2770107466914847,0.07300606790897746,-0.02715702453328504
738,0.001180490613410357,0.27744570529159374,0.07757740742329133,-0.012398595870217088
739,-0.0008720572331016864,0.2766510907820268,0.0814105896272963,0.004360461101342619
740,-0.0013756773371623328,0.27504295168878956,0.07562432918564355,0.008693292755904558
741,-0.0015998966623267138,0.2742491619044333,0.0704327748908895,0.010742573579061604
742,-0.0010912064200655413,0.2739776856636258,0.0662118478580851,0.006773312201467978
743,-0.00014640718524830065,0.27571904734133895,0.06265975201233687,-0.0007536325665599085
744,0.0012534905875320108,0.274535912945686,0.05966105532155552,-0.012061522364739535
745,0.0025400540547523367,0.27592103675839763,0.05816743958519055,-0.02257465550930313
746,0.0035769671735091783,0.27449509571759245,0.05745684280753949,-0.030905838330181172
747,0.0038727943821115825,0.27593316404429946,0.05757810112845618,-0.033426926797303476
748,0.003021072304458409,0.27472665209246755,0.06506066584984183,-0.02663918998449725
749,0.001892837661872074,0.2757792983384823,0.07171170217452527,-0.017715590567301192
750,0.0006594442627188185,0.27485158884341976,0.07751635825695757,-0.007807385519683188
751,-0.0005214357556680087,0.27690606115689115,0.08210405413132094,0.0017255186085423082
752,-0.001030889415399679,0.27636870391481827,0.08576391092270796,0.005761202206929392
753,-0.0005752643355763546,0.27450862644124574,0.08238359864321865,0.002143898498587701
754,0.00024839472801826094,0.27377565395659825,0.07930408572519809,-0.004431867068174295
755,0.0016177703813093568,0.2739154920241982,0.07631542242074829,-0.015457699987184777
756,0.003352505510664967,0.2761176271536325,0.07419770841977424,-0.029678354698821793
757,0.004896183742634041,0.27714005631517297,0.0725359955324052,-0.04237153414584162
758,0.006245605542513225,0.2770911068676132,0.07110591373947273,-0.05339278856564487
759,0.007149315514405559,0.2772115536288246,0.07025548696242367,-0.06080449206941483
760,0.007590095029519885,0.2755311744168528,0.06935475757728682,-0.0640727461601133
761,0.0072959362390570765,0.2762339121228193,0.07020154964743597,-0.061844135278481406
762,0.0061195921440045055,0.2769865084101628,0.0761153396549048,-0.052597967419506925
763,0.004671942470249851,0.27561166873591514,0.08021092177500577,-0.040746175030401316
764,0.0032385523021773613,0.27813452774317965,0.0843393013582272,-0.029423757880972446
765,0.001920691771562325,0.27639441901631245,0.08665124166731175,-0.01859263297426426
766,0.0010284348390837683,0.27654447070246924,0.0866183687527382,-0.011283338645343779
767,0.0008649875663709608,0.27684836960817377,0.08137104548251273,-0.009723861694526034
768,0.0010563161087017352,0.27583219056743297,0.07710143675927839,-0.01108192951067209
769,0.0015053341952089394,0.2774238790548553,0.07215260739405949,-0.01457505365566462
770,0.0024977554851515964,0.27517449637994673,0.06871397873294427,-0.02245631275550802
771,0.0038741780043710047,0.2741075923381376,0.0655931242333736,-0.033482212638546414
772,0.00514702977676974,0.2765163501531715,0.06305065368150053,-0.04405090900962232
773,0.006393179699670139,0.27643737550616415,0.0611252839372014,-0.054199940123283726
774,0.007554698490909644,0.2753752336835056,0.06015700350985753,-0.06352579993093653
775,0.006658432593077691,0.27417496710417666,0.06657132485855755,-0.056277601535764214
776,0.004943321402487155,0.2737966110618929,0.0722598151592706,-0.0424925981510759
777,0.003181426959596397,0.27338414638772607,0.07614516544634853,-0.028281919449307864
778,0.0015624468616590496,0.27319764689128984,0.07887983875156124,-0.015216769402979814
779,-0.00020319372761479367,0.2731636745935701,0.08087852035890819,-0.0009059023039485591
780,-0.0004471907140404957,0.27272286450914374,0.07568015971298792,0.0013050048689316552
781,-0.00011594650803156188,0.27293310830464307,0.07098404803468839,-0.0011720516606652633
782,0.0006168698778678982,0.2730266710280899,0.06752976183815917,-0.006967648375559205
783,0.001879286340065699,0.272775343431293,0.06472175762314691,-0.017092426538352405
784,0.0035301732445290465,0.2731897505588502,0.06237314524321391,-0.03043985761359853
785,0.00515231006127112,0.2737179493274985,0.060930906867270096,-0.04363712153329677
786,0.006727974337912141,0.2735527652329318,0.06023518045833498,-0.05640892294502757
787,0.007746571144463009,0.27387733816676857,0.060213128740087996,-0.06476063370898998
